,Date,Headline,Author,Eyebrow,Link
0,"March 14, 2021",AMC’s Chinese Owner Gives Up Control Over Largest Cinema Chain,By Shirley Zhao,business,https://www.bloomberg.com/news/articles/2021-03-15/amc-s-chinese-owner-gives-up-control-over-largest-cinema-chain
1,"March 15, 2021",A $25 Billion Fund Manager Says Market is Wrong on RBI-Hike Bets,By Rahul Satija,markets,https://www.bloomberg.com/news/articles/2021-03-15/a-25-billion-fund-manager-says-market-is-wrong-on-rbi-hike-bets
2,"March 16, 2021",GameStop Slides Again Amid Wild Ride for Retail Traders,By Bailey Lipschultz,markets,https://www.bloomberg.com/news/articles/2021-03-16/gamestop-shares-slump-again-amid-wild-ride-for-retail-traders
3,"March 16, 2021",NYSE Chairman Says GameStop Surge Highlights U.S. Market Flaws,By Matthew Leising,markets,https://www.bloomberg.com/news/articles/2021-03-16/nyse-chairman-says-gamestop-surge-highlights-u-s-market-flaws
4,"March 15, 2021",GameStop Roller-Coaster Hits Bump as Trading Volume Dries Up,By Bailey Lipschultz,markets,https://www.bloomberg.com/news/articles/2021-03-15/gamestop-reverses-gains-to-slide-16-triggering-volatility-halt
5,"March 16, 2021",China Tycoon Who Lost $32 Billion Tries to Salvage an Empire,"By Shirley Zhao, Venus Feng, and Rebecca Choong Wilkins",business,https://www.bloomberg.com/news/articles/2021-03-15/china-tycoon-who-lost-32-billion-tries-to-salvage-his-empire
6,"March 10, 2021",AMC Entertainment Beats Estimates as Covid-Related Losses Ebb,By Kelly Gilblom,business,https://www.bloomberg.com/news/articles/2021-03-10/amc-entertainment-beats-estimates-as-covid-related-losses-ebb
7,"March 11, 2021","During GameStop Halts, AMC Becomes a Bellwether for Day Traders",By Brandon Kochkodin,markets,https://www.bloomberg.com/news/articles/2021-03-11/during-gamestop-halts-amc-becomes-a-bellwether-for-day-traders
8,"March 14, 2021","Movie Theaters Set to Rebound in 2021, Only to 1980s Levels",By Kelly Gilblom,pursuits,https://www.bloomberg.com/news/articles/2021-03-13/movie-theaters-set-to-rebound-in-2021-but-only-to-1980s-levels
9,"March 13, 2021",‘Stimmy’ Is Setting Stage for Next Wave of Retail Stock Frenzy,By Kamaron Leach and Bailey Lipschultz,markets,https://www.bloomberg.com/news/articles/2021-03-13/-stimmy-is-setting-stage-for-next-wave-of-retail-stock-frenzy
10,"March 8, 2021",Equities Stand to Gain the Most from Stimulus: Edelweiss AMC,By Donald Moore and Emily Cadman,business,https://www.bloomberg.com/news/videos/2021-03-08/equities-stand-to-gain-the-most-from-stimulus-edelweiss-amc-video
11,"March 9, 2021",S3 Partners' Rankings for Short Crowding and Squeezes,By Bailey Lipschultz,markets,https://www.bloomberg.com/news/videos/2021-03-09/s3-partners-rankings-for-short-crowding-and-squeezes-video
12,"March 12, 2021","GameStop (GME), Roblox (RBLX), Greensill, Coal: Investments in the Spotlight",By Cathy Chan,wealth,https://www.bloomberg.com/news/articles/2021-03-12/gamestop-gme-roblox-rblx-greensill-coal-investments-in-the-spotlight
13,"March 10, 2021",Reddit Plays Soar as Earnings Give Fundamental Boost to Rallies,By Paul Jarvis,markets,https://www.bloomberg.com/news/articles/2021-03-10/reddit-plays-soar-as-earnings-give-fundamental-boost-to-rallies
14,"March 10, 2021",Ex-CLSA Banker Accuses Firm of Wrongdoing on Chinese Bond Deal,By Kelly Gilblom,markets,https://www.bloomberg.com/news/articles/2021-03-10/ex-clsa-banker-accuses-firm-of-wrongdoing-on-chinese-bond-deal
15,"March 10, 2021",GameStop’s Win Streak Keeps Going Amid Cohen Shakeup Plan,By Cristin Flanagan,markets,https://www.bloomberg.com/news/articles/2021-03-10/gamestop-s-winning-streak-keeps-going-amid-cohen-shakeup-plan
16,"March 5, 2021",AMC CEO Pay Rose to $21 Million in 2020 as Covid Ravaged Cinemas,By Jeremy Hill and Katherine Doherty,business,https://www.bloomberg.com/news/articles/2021-03-05/amc-ceo-pay-rose-to-21-million-in-2020-as-covid-ravaged-cinemas
17,"March 9, 2021",Meme Share Revival Drives Volume Surge in Tiny Stocks,By Chloe Lo,markets,https://www.bloomberg.com/news/articles/2021-03-09/meme-stock-revival-drives-millions-of-trades-in-tiny-stocks
18,"March 8, 2021",Bloomberg Opinion Radio: Weekend Edition for 3-5-21 (Podcast),By Lucas Shaw,business,https://www.bloomberg.com/news/audio/2021-03-08/bloomberg-opinion-radio-weekend-edition-for-3-5-21-podcast
19,"March 9, 2021",U.S. Bankruptcy Tracker: Filings Accelerate Amid Dwindling Cash,By Brandon Kochkodin and Erik Schatzker,markets,https://www.bloomberg.com/news/articles/2021-03-09/u-s-bankruptcy-tracker-filings-accelerate-amid-dwindling-cash
20,"March 8, 2021",UA Cinemas Shuts Down Hong Kong Theater Chain After 36 Years,By Tara Lachapelle,business,https://www.bloomberg.com/news/articles/2021-03-08/ua-cinemas-shuts-down-hong-kong-theater-chain-after-36-years
21,"March 3, 2021",Tara Lachapelle on Why Hashtags Alone Won’t Save AMC (Podcast),By Bailey Lipschultz,business,https://www.bloomberg.com/news/audio/2021-03-03/tara-lachapelle-on-why-hashtags-alone-won-t-save-amc-podcast
22,"March 7, 2021",Why Did Square Buy Tidal? Jay-Z and Jack Dorsey Want to Fix the Music Business.,By Claire Ballentine and Vildana Hajric,business,https://www.bloomberg.com/news/newsletters/2021-03-07/why-did-square-buy-tidal-jay-z-and-jack-dorsey-want-to-fix-the-music-business
23,"March 6, 2021",The Biggest Players in the Short-Selling Game Are Getting a Pass,By Donald Moore and Emily Cadman,markets,https://www.bloomberg.com/news/articles/2021-03-06/the-biggest-players-in-the-short-selling-game-are-getting-a-pass
24,"March 1, 2021",Reddit Traders Buy AMC Stock But Can’t Save Movie Theaters,By Katherine Burton and Hema Parmar,opinion,https://www.bloomberg.com/opinion/articles/2021-03-01/reddit-traders-buy-amc-stock-but-can-t-save-movie-theaters
25,"March 4, 2021",GameStop Bucks Market’s Slump Amid Renewed Reddit Chatter,By Jeremy Hill and Katherine Doherty,markets,https://www.bloomberg.com/news/articles/2021-03-04/gamestop-bucks-market-s-slump-amid-renewed-reddit-chatter
26,"March 4, 2021",Portnoy-Backed ETF Ranks Among Most Active Debuts on Record,By Yueqi Yang,markets,https://www.bloomberg.com/news/articles/2021-03-04/dave-portnoy-backed-etf-ranks-among-top-debuts-in-its-first-hour
27,"March 5, 2021","VanEck Vectors Social ETF (BUZZ), Michaels (MIK), Deliveroo: Investment Bets",By Mark Gongloff,wealth,https://www.bloomberg.com/news/articles/2021-03-05/vaneck-vectors-social-etf-buzz-michaels-mik-deliveroo-investment-bets
28,"March 2, 2021",It Will Take More Than Reddit To Bring Back Theaters (Radio),By Matthew Monks and Katie Roof,business,https://www.bloomberg.com/news/audio/2021-03-02/it-will-take-more-than-reddit-to-bring-back-theaters-radio
29,"March 3, 2021",Melvin Capital Surged 22% in February After GameStop Disaster,By Kit Rees and Michael Msika,markets,https://www.bloomberg.com/news/articles/2021-03-03/melvin-capital-surged-22-in-february-after-gamestop-disaster
30,"March 2, 2021",U.S. Bankruptcy Tracker: Brazos Bust Spotlights Texas Menace,By Emily Cadman and Donald Moore,markets,https://www.bloomberg.com/news/articles/2021-03-02/u-s-bankruptcy-tracker-brazos-bust-spotlights-texas-menace
31,"February 28, 2021",‘Tom & Jerry’ Draws $13.7 Million in Best Debut This Year,By Joe Easton,pursuits,https://www.bloomberg.com/news/articles/2021-02-28/-tom-jerry-draws-13-7-million-in-second-best-pandemic-debut
32,"March 1, 2021",Warren Buffett May Yet Have His Revenge on Dave Portnoy,By Lorcan Roche Kelly,opinion,https://www.bloomberg.com/opinion/articles/2021-03-01/warren-buffett-may-yet-have-his-revenge-on-dave-portnoy
33,"February 26, 2021",Robinhood Said to Plan Confidential IPO Filing as Soon as March,"By Katherine Greifeld, Sarah Ponczek, and Paul Jarvis",markets,https://www.bloomberg.com/news/articles/2021-02-27/robinhood-said-to-plan-confidential-ipo-filing-as-soon-as-march
34,"February 26, 2021",U.S. Stocks Look Resilient as Futures Steady After Selloff,By Brian Chappatta,markets,https://www.bloomberg.com/news/articles/2021-02-26/u-s-tech-stocks-stabilize-after-bond-yield-anxiety-fuels-rout
35,"February 26, 2021","GameStop (GME), Airbnb (ABNB), Tesla (TSLA), Ark ETFs (ARKK): Investments Bets",By Charlie Wells,wealth,https://www.bloomberg.com/news/articles/2021-02-26/gamestop-gme-airbnb-abnb-tesla-tsla-ark-etfs-arkk-investments-bets
36,"February 26, 2021",Stock Markets Today: Stocks slump; meme momentum; Biden's first military strike.,By Joe Nocera,markets,https://www.bloomberg.com/news/newsletters/2021-02-26/stock-markets-today-stocks-slump-meme-momentum-biden-s-first-military-strike
37,"February 26, 2021",Five Things You Need to Know to Start Your Day,By Katherine Greifeld and Sarah Ponczek,markets,https://www.bloomberg.com/news/newsletters/2021-02-26/five-things-you-need-to-know-to-start-your-day
38,"February 25, 2021",GameStop Resurgence Extends as Meme Stock Mania Kicks Up Anew,By Tara Lachapelle,markets,https://www.bloomberg.com/news/articles/2021-02-25/gamestop-resurgence-extends-as-meme-stock-mania-kicks-up-anew
39,"February 25, 2021",Bond Market Screams for Help But No One Answers,By Sybilla Gross and Cormac Mullen,opinion,https://www.bloomberg.com/opinion/articles/2021-02-25/bond-market-screams-for-help-but-no-one-answers
40,"February 25, 2021",Bloomberg Wealth: Global Real Estate Is On Fire,By Matthew S Levine,wealth,https://www.bloomberg.com/news/newsletters/2021-02-25/bloomberg-wealth-global-real-estate-is-on-fire
41,"February 25, 2021",Dot-Com Survivors Have Wisdom for the GameStop Crowd,By Matthew S Levine,opinion,https://www.bloomberg.com/graphics/2021-opinion-personal-finance-dot-com-survivors-have-wisdom-for-gamestop-crowd/
42,"February 24, 2021",Meme Stocks Erupt as GameStop’s Doubling Unleashes Frenzy,By Katherine Greifeld,markets,https://www.bloomberg.com/news/articles/2021-02-24/meme-stocks-erupt-as-gamestop-s-doubling-unleashes-buying-deluge
43,"February 24, 2021",ViacomCBS’s Paramount+ Streaming Service May Be Worthy Netflix Contender,By Keshia Clukey,opinion,https://www.bloomberg.com/opinion/articles/2021-02-25/viacomcbs-s-paramount-streaming-service-may-be-worthy-netflix-contender
44,"February 24, 2021",Five Things You Need to Know to Start Your Day,By Jeremy Hill and Katherine Doherty,business,https://www.bloomberg.com/news/newsletters/2021-02-24/five-things-you-need-to-know-to-start-your-day-klk1zblw
45,"February 25, 2021",Money Stuff: GameStop Is Happening Again,By Molly Schuetz,business,https://www.bloomberg.com/news/newsletters/2021-02-25/money-stuff-gamestop-is-happening-again
46,"February 25, 2021",GameStop Is Happening Again,By Esteban Duarte,opinion,https://www.bloomberg.com/opinion/articles/2021-02-25/gamestop-is-happening-again
47,"February 23, 2021",Dip Buyers Nearly Wipe Out Tech’s Biggest Loss Since Covid Panic,By Mark Gongloff,markets,https://www.bloomberg.com/news/articles/2021-02-23/-buy-the-dip-trends-on-twitter-and-stocks-rocket-off-their-lows
48,"February 22, 2021",NYC Movie Theaters Are Cleared to Open With Capacity Limits,By Sarah Ponczek and Claire Ballentine,politics,https://www.bloomberg.com/news/articles/2021-02-22/new-york-city-can-re-open-movie-theaters-cuomo-says
49,"February 23, 2021",U.S. Bankruptcy Tracker: Texas Energy Crisis; Subchapter V Surge,By Bailey Lipschultz,markets,https://www.bloomberg.com/news/articles/2021-02-23/u-s-bankruptcy-tracker-texas-energy-crisis-subchapter-v-surge
50,"February 18, 2021","AMC Shares Spike Again, This Time on Months-Old Speculation",By Matthew S Levine,markets,https://www.bloomberg.com/news/articles/2021-02-18/amc-shares-spike-again-this-time-on-months-old-deal-speculation
51,"February 18, 2021",Cineplex Tests Unrated Debt as Rival AMC Signs New Loan Facility,By Kamaron Leach,markets,https://www.bloomberg.com/news/articles/2021-02-18/cineplex-tests-unrated-debt-as-rival-amc-signs-new-loan-facility
52,"February 22, 2021",A U.S.-China Cold War Wouldn't Look Exactly Like the Last One,By Matthew S Levine,opinion,https://www.bloomberg.com/opinion/articles/2021-02-22/a-u-s-china-cold-war-wouldn-t-look-exactly-like-the-last-one
53,"February 20, 2021",Meme Stock Mania Alive and Well in Old Robinhood Restricted List,By Justina Lee,markets,https://www.bloomberg.com/news/articles/2021-02-20/meme-stock-mania-alive-and-well-in-old-robinhood-restricted-list
54,"February 18, 2021",GameStop Falls as House Hearing on Retail Trading Begins,By Chris Strohm and Kartikay Mehrotra,business,https://www.bloomberg.com/news/articles/2021-02-18/gamestop-falls-as-house-hearing-on-retail-trading-begins
55,"February 18, 2021",GameStop Hearing Takes the Fun out of Robinhood and Reddit,"By Bill Allison, Benjamin Bain, and Daniel Avis",business,https://www.bloomberg.com/news/newsletters/2021-02-18/gamestop-hearing-takes-the-fun-out-of-robinhood-and-reddit-klb4ystj
56,"February 18, 2021",Robinhood’s Trading Limits Send Users Into Small Brokers’ Arms,By Jeremy Hill and Katherine Doherty,markets,https://www.bloomberg.com/news/articles/2021-02-18/robinhood-s-trading-limits-send-users-into-small-brokers-arms
57,"February 18, 2021",GameStop Hearing Takes the Fun out of Robinhood and Reddit,By Katherine Greifeld,opinion,https://www.bloomberg.com/opinion/articles/2021-02-18/gamestop-hearing-takes-the-fun-out-of-robinhood-and-reddit
58,"February 18, 2021",Rise of Retail Army Shrouds Half of U.S. Stock Trading,By Tom Maloney and Hema Parmar,markets,https://www.bloomberg.com/news/articles/2021-02-17/rise-of-retail-army-shrouds-half-of-stock-trading-in-secrecy
59,"February 17, 2021",North Korea Trio Accused by U.S. in $1.3 Billion Extortion Plot,By Kristine Owram,technology,https://www.bloomberg.com/news/articles/2021-02-17/u-s-charges-3-north-koreans-linked-to-sony-hack-in-new-scheme
60,"February 18, 2021",Lawmakers Overseeing GameStop Top U.S. Market Participation,By Michael O'Boyle,politics,https://www.bloomberg.com/news/articles/2021-02-18/lawmakers-overseeing-gamestop-top-u-s-market-participation
61,"February 16, 2021",U.S. Bankruptcy Tracker: Health Care Shows More Cracks,By Katharine Gemmell and Charlie Wells,markets,https://www.bloomberg.com/news/articles/2021-02-16/u-s-bankruptcy-tracker-health-care-shows-more-cracks
62,"February 16, 2021",BlackRock Silver ETF Adds Warning on Shortages as Investors Bail,By Suzanne Woolley,markets,https://www.bloomberg.com/news/articles/2021-02-16/blackrock-silver-etf-adds-new-warning-label-as-investors-bail
63,"February 10, 2021",Chase Coleman Leads $23 Billion Payday for 15 Hedge Fund Earners,By Drew Singer,wealth,https://www.bloomberg.com/news/articles/2021-02-10/chase-coleman-leads-23-billion-payday-for-15-hedge-fund-earners
64,"February 11, 2021",Pot Stocks Flash Back to 2018 Surge as Record Gains Continue,By Tracy Alloway,markets,https://www.bloomberg.com/news/articles/2021-02-11/pot-stocks-flash-back-to-2018-surge-as-record-gains-continue
65,"February 11, 2021","Cinemex Works on Restructuring Deal, Shutters Theaters",By Kristine Owram and Jennifer Bissell-Linsk,business,https://www.bloomberg.com/news/articles/2021-02-11/mexico-s-cinemex-shutters-theaters-works-on-restructuring-deal
66,"February 11, 2021",Bumble (BMBL) Stock Price: Should You Buy Shares After Dating App's IPO?,By Matthew S Levine,wealth,https://www.bloomberg.com/news/articles/2021-02-11/bumble-bmbl-stock-price-should-you-buy-shares-after-dating-app-s-ipo
67,"February 8, 2021",GameStop (GME) Share Price: Lessons for Playing a Hot Stock Market,By Michelle Leder,wealth,https://www.bloomberg.com/news/articles/2021-02-08/gamestop-gme-share-price-lessons-for-playing-a-hot-stock-market
68,"February 9, 2021",Meme Stocks Add to Share Sale Blitz After Retail-Led Rallies,By Matthew S Levine,markets,https://www.bloomberg.com/news/articles/2021-02-09/meme-stocks-add-to-share-sale-blitz-after-retail-led-rallies
69,"February 10, 2021",Crypto Mogul Bets on ‘Meme Investing’ With Millions in GameStop,By Shuli Ren,wealth,https://www.bloomberg.com/news/articles/2021-02-10/crypto-mogul-bets-on-meme-investing-with-millions-in-gamestop
70,"February 10, 2021",Tilray Surges as Reddit Crowd Turns Its Attention to Pot,By Abhishek Vishnoi,markets,https://www.bloomberg.com/news/articles/2021-02-10/tilray-heads-for-best-3-day-gain-ever-as-pot-stocks-surge
71,"February 11, 2021",Why GameStop Didn't Sell Any Stock During the Reddit Rally,By Priya Anand,opinion,https://www.bloomberg.com/opinion/articles/2021-02-11/why-gamestop-didn-t-sell-any-stock-during-the-reddit-rally
72,"February 10, 2021",Reddit's WallStreetBets Meme Stock Surge Reminds Me of 1999,By Jeremy Hill and Katherine Doherty,opinion,https://www.bloomberg.com/opinion/articles/2021-02-10/reddit-s-wallstreetbets-meme-stock-surge-reminds-me-of-1999
73,"February 11, 2021",Why GameStop Didn't Sell Any Stock During the Reddit Rally,By Emily Cadman and Donald Moore,business,https://www.bloomberg.com/news/newsletters/2021-02-11/why-gamestop-didn-t-sell-any-stock-during-the-reddit-rally-kl14hqg1
74,"February 8, 2021",Distressed Companies Are Different in the U.S. and China. Just Do the Math.,By Matthew S Levine,opinion,https://www.bloomberg.com/opinion/articles/2021-02-08/distressed-companies-are-different-in-the-u-s-and-china-just-do-the-math
75,"February 4, 2021","Robinhood Removes Limits on Buying GameStop, AMC Entertainment",By Katherine Greifeld,markets,https://www.bloomberg.com/news/articles/2021-02-05/robinhood-removes-limits-on-buying-gamestop-amc-entertainment
76,"February 8, 2021",Reddit Value Hits $6 Billion After Users Fueled a Stock Frenzy,By Matthew S Levine,technology,https://www.bloomberg.com/news/articles/2021-02-09/reddit-raises-250-million-after-users-fueled-stock-market-craze
77,"February 9, 2021",U.S. Bankruptcy Tracker: Easy Money Delays ‘Great Reckoning’,By Matthew S Levine,business,https://www.bloomberg.com/news/articles/2021-02-09/u-s-bankruptcy-tracker-easy-money-delays-great-reckoning
78,"February 5, 2021","Silver, GameStop (GME), AMC, Amazon (AMZN), Australian Wine: Investments Bets",By Joe Easton,wealth,https://www.bloomberg.com/news/articles/2021-02-05/silver-gamestop-gme-amc-amazon-amzn-australian-wine-investments-bets
79,"February 10, 2021","Elon Musk Tweets: Great News For Bitcoin, Bad News for Econ Majors",By Matthew S Levine,opinion,https://www.bloomberg.com/opinion/articles/2021-02-10/elon-musk-tweets-great-news-for-bitcoin-bad-news-for-econ-majors
80,"February 5, 2021","The Weekly Fix: Reddit, Powell, Bonds, Reflation, AMC, GameStop",By Matthew S Levine,business,https://www.bloomberg.com/news/newsletters/2021-02-05/the-weekly-fix-reddit-powell-bonds-reflation-amc-gamestop
81,"February 9, 2021",The SEC Wants Reddit Meme Stocks to Admit They're Dangerous,By Michael Tobin,business,https://www.bloomberg.com/news/newsletters/2021-02-09/the-sec-wants-reddit-meme-stocks-to-admit-they-re-dangerous-kky96vuo
82,"February 10, 2021","Elon Musk Tweets: Great News For Bitcoin, Bad News for Econ Majors",By Matthew S Levine,business,https://www.bloomberg.com/news/newsletters/2021-02-10/elon-musk-tweets-great-news-for-bitcoin-bad-news-for-econ-majors-kkzp2132
83,"February 9, 2021",Stock Markets Today: Bitcoin's Tesla rally; steady stock markets; Trump trial,By John Authers,markets,https://www.bloomberg.com/news/newsletters/2021-02-09/stock-markets-today-bitcoin-s-tesla-rally-steady-stock-markets-trump-trial
84,"February 9, 2021",The SEC Wants Reddit Meme Stocks to Admit They're Dangerous,By Niall Ferguson,opinion,https://www.bloomberg.com/opinion/articles/2021-02-09/the-sec-wants-reddit-meme-stocks-to-admit-they-re-dangerous
85,"February 8, 2021",Elon Musk Works His Magic on Dogecoin and Bitcoin,By Alyza Sebenius,opinion,https://www.bloomberg.com/opinion/articles/2021-02-08/elon-musk-works-his-magic-on-dogecoin-and-bitcoin
86,"February 3, 2021","GameStop, AMC Frenzy Was Bigger Than U.S. Oil Market, RBC Says",By Brooke Sample,markets,https://www.bloomberg.com/news/articles/2021-02-03/gamestop-amc-frenzy-was-bigger-than-u-s-oil-market-rbc-says
87,"February 8, 2021",Elon Musk Works His Magic on Dogecoin and Bitcoin,By Priya Anand,business,https://www.bloomberg.com/news/newsletters/2021-02-08/elon-musk-works-his-magic-on-dogecoin-and-bitcoin-kkwu61uj
88,"February 8, 2021",GameStop Fallout: Regulation Need Not Compromise Freedom,By Katherine Burton and Katherine Doherty,opinion,https://www.bloomberg.com/opinion/articles/2021-02-08/gamestop-fallout-regulation-need-not-compromise-freedom
89,"February 7, 2021","Niall Ferguson: GameStop, Robinhood, Reddit and the Wind Trade",By Michael Msika and Jake Lloyd-Smith,opinion,https://www.bloomberg.com/opinion/articles/2021-02-07/niall-ferguson-gamestop-robinhood-reddit-and-the-wind-trade
90,"February 5, 2021",Reddit Documents a Surge of New Users to Site and WallStreetBets,By Justina Lee and Brandon Kochkodin,technology,https://www.bloomberg.com/news/articles/2021-02-05/reddit-documents-a-surge-of-new-users-to-site-and-wallstreetbets
91,"February 6, 2021",New York Is Calling the Next Young and Ambitious Office Workers,By Benjamin Bain,opinion,https://www.bloomberg.com/opinion/articles/2021-02-06/new-york-is-calling-the-next-young-and-ambitious-office-workers-kktq6bmv
92,"February 7, 2021",Reddit WallStreetBets Movement Was 15 Years in the Making,By Shuli Ren,markets,https://www.bloomberg.com/news/articles/2021-02-07/reddit-wallstreetbets-movement-was-15-years-in-the-making
93,"February 2, 2021","Mudrick Capital Gains $200 Million on AMC, GameStop in Wild Week",By Sonali Basak,markets,https://www.bloomberg.com/news/articles/2021-02-02/mudrick-capital-gains-200-million-on-amc-gamestop-in-wild-week
94,"February 3, 2021",SEC Hunts for Fraud in Social Media Posts That Hyped GameStop,By Nancy Moran,business,https://www.bloomberg.com/news/videos/2021-02-04/sec-hunts-for-fraud-in-social-media-posts-that-hyped-gamestop-video
95,"February 2, 2021","Reddit Trades Crumble as GameStop, AMC and Silver Plunge",By Olivia Raimonde,wealth,https://www.bloomberg.com/news/articles/2021-02-02/reddit-trades-crumble-as-gamestop-amc-and-silver-plunge
96,"February 6, 2021",Robinhood Traders Have a Troubled Track Record of Stock Picking,By Charlie Wells and Katharine Gemmell,markets,https://www.bloomberg.com/news/articles/2021-02-06/robinhood-traders-have-a-troubled-track-record-of-stock-picking
97,"February 3, 2021",SEC Hunts for Fraud in Social-Media Posts That Drove Up GameStop,By Mathieu Benhamou and Jeremy Cf Lin,markets,https://www.bloomberg.com/news/articles/2021-02-03/sec-hunts-for-fraud-in-social-media-posts-that-drove-up-gamestop
98,"February 1, 2021",GameStop Short Squeeze Tactics May Not Be as Effective With AMC,By Matthew S Levine,opinion,https://www.bloomberg.com/opinion/articles/2021-02-01/gamestop-short-squeeze-tactics-may-not-be-as-effective-with-amc
99,"February 5, 2021",Kraus Says No One Should Be Surprised by a Market Plunge of 15%,By Sarah Ponczek,wealth,https://www.bloomberg.com/news/articles/2021-02-05/kraus-says-no-one-should-be-surprised-by-a-market-plunge-of-15
100,"February 3, 2021","U.S. Day Traders Mostly Male and Under 35, Cardify Finds: Chart",By Nir Kaissar,markets,https://www.bloomberg.com/news/articles/2021-02-03/u-s-day-traders-mostly-male-and-under-35-cardify-finds-chart
101,"February 2, 2021",Crypto Pump And Dumps Aim Small Amid Speculative Trading Frenzy,By Sabrina Willmer,technology,https://www.bloomberg.com/news/articles/2021-02-02/crypto-pump-dumps-aim-small-amid-speculative-trading-frenzy
102,"February 1, 2021","GameStop (GME), AMC Stock Price: Sell or 'Hold The Line' on Reddit Shares?",By Katherine Doherty and Kiel Porter,wealth,https://www.bloomberg.com/news/articles/2021-02-01/gamestop-gme-amc-share-price-sell-or-hold-the-line-on-reddit-stocks
103,"February 1, 2021","Robinhood Blocked GameStop (GME), AMC, Blackberry (BB): How Much Investors Lost",By Paul Jarvis,business,https://www.bloomberg.com/graphics/2021-robinhood-trading-limit/
104,"February 1, 2021",GameStop (GME) Is Old News After Reddit Discovers Silver Futures,By Mark Gilbert,opinion,https://www.bloomberg.com/opinion/articles/2021-02-01/gamestop-gme-is-old-news-after-reddit-discovers-silver-futures
105,"February 4, 2021",There Are Still 16 Meme Stocks With at Least 100% Gains in 2021,By Brian Chappatta,markets,https://www.bloomberg.com/news/articles/2021-02-04/there-are-still-16-meme-stocks-with-at-least-100-gains-in-2021
106,"February 5, 2021",Yellen Concern About GameStop (GME) Trading Is Misplaced,By Sam Unsted,opinion,https://www.bloomberg.com/opinion/articles/2021-02-05/yellen-concern-about-gamestop-gme-trading-is-misplaced
107,"February 5, 2021",Leon Black Makes Way for One of His Disciples at Apollo,By Noah Smith,markets,https://www.bloomberg.com/news/articles/2021-02-05/leon-black-makes-way-for-one-of-his-disciples-at-apollo
108,"February 3, 2021",Centerbridge Credit Fund Soars 90% on Pandemic Disruption Bets,"By Misyrlena Egkolfopoulou, Suzanne Woolley, and Lisa Fleisher",markets,https://www.bloomberg.com/news/articles/2021-02-03/centerbridge-credit-fund-soars-90-on-pandemic-disruption-bets
109,"February 1, 2021",GameStop Holds Onto Gains With Curbs Easing on Reddit Favorites,By Paul Jarvis,wealth,https://www.bloomberg.com/news/articles/2021-02-01/gamestop-holds-onto-gains-with-curbs-easing-on-reddit-favorites
110,"February 4, 2021",Caution Redditors: Overtrading Can Hurt Returns (and Your Retirement),By Charlie Wells,opinion,https://www.bloomberg.com/opinion/articles/2021-02-04/caution-redditors-overtrading-can-hurt-returns-and-your-retirement
111,"February 4, 2021",Distressed-Debt Hedge Funds Have Nowhere to Go,By Claire Ballentine,opinion,https://www.bloomberg.com/opinion/articles/2021-02-04/distressed-debt-hedge-funds-have-nowhere-to-go
112,"February 3, 2021",Reddit ‘Meme Stocks’ Mostly Slide as Retail Trading Frenzy Cools,By Ranjeetha Pakiam,markets,https://www.bloomberg.com/news/articles/2021-02-03/reddit-meme-stocks-mostly-slide-as-retail-trading-frenzy-cools
113,"February 4, 2021","Pandemic Relief Must End, But Timing Is Everything: Noah Smith",By Adam Haigh and Rita Nazareth,opinion,https://www.bloomberg.com/opinion/articles/2021-02-04/pandemic-relief-must-end-but-timing-is-everything-noah-smith
114,"February 4, 2021","Robinhood App Downloads Top 600,000 as Angry Traders Find It Hard to Switch",By Katherine Burton and Hema Parmar,wealth,https://www.bloomberg.com/news/articles/2021-02-04/robinhood-downloads-surge-as-it-plans-super-bowl-ad-after-gamestop-gme-revolt
115,"February 3, 2021",GameStop Roller Coaster Pauses After $27 Billion Rout,By Pat Regnier,wealth,https://www.bloomberg.com/news/articles/2021-02-03/gamestop-s-giant-bubble-deflates-further-after-27-billion-rout
116,"February 4, 2021",Bloomberg Wealth: The $159 Billion Lesson of GameStop,By Sybilla Gross and Tracy Alloway,wealth,https://www.bloomberg.com/news/newsletters/2021-02-04/bloomberg-wealth-the-159-billion-lesson-of-gamestop
117,"February 3, 2021",Cathie Wood’s Nod Boosts DraftKings in New Sign of Her Power,By Katherine Doherty,markets,https://www.bloomberg.com/news/articles/2021-02-03/cathie-wood-s-nod-boosts-draftkings-in-new-sign-of-her-power
118,"February 2, 2021",Silver Finds Calmer Tone After Posting Biggest Drop Since August,By Matthew S Levine,markets,https://www.bloomberg.com/news/articles/2021-02-02/silver-finds-calmer-tone-after-posting-biggest-drop-since-august
119,"February 3, 2021",U.S. Equity Futures Rise; Crude Oil Extends Gain: Markets Wrap,By Matthew S Levine,markets,https://www.bloomberg.com/news/articles/2021-02-03/asia-stocks-to-slip-after-s-p-500-pares-advance-markets-wrap
120,"February 3, 2021","Hedge Funds Hunt Frothy Names to Short, Even After GameStop",By Matthew S Levine,markets,https://www.bloomberg.com/news/articles/2021-02-03/hedge-funds-hunt-frothy-valuations-to-short-even-after-gamestop
121,"February 4, 2021",GameStop (GME): How WallStreetBets and Robinhood Created Bonkers Stock Market,By Matthew S Levine,businessweek,https://www.bloomberg.com/news/features/2021-02-04/gamestop-gme-how-wallstreetbets-and-robinhood-created-bonkers-stock-market
122,"February 3, 2021",Five Things You Need to Know to Start Your Day,By Brad Stone,business,https://www.bloomberg.com/news/newsletters/2021-02-03/five-things-you-need-to-know-to-start-your-day-kkq25r1k
123,"January 29, 2021",Silver Lake Scores $113 Million on AMC Stake Amid Reddit Rally,"By Katherine Burton, Hema Parmar, and Melissa Karsh",markets,https://www.bloomberg.com/news/articles/2021-01-29/silver-lake-scores-113-million-on-amc-stake-amid-reddit-rally
124,"February 3, 2021",Goldman Sachs Goes to Supreme Court; Hedge Funds Won on GameStop,By Kelly Gilblom and Katherine Doherty,business,https://www.bloomberg.com/news/newsletters/2021-02-03/goldman-sachs-goes-to-supreme-court-hedge-funds-won-on-gamestop
125,"February 4, 2021",Elon Musk's GameStop Tweets Are Now a Hedge Fund Signal,By Paul Jarvis and Bailey Lipschultz,opinion,https://www.bloomberg.com/opinion/articles/2021-02-04/elon-musk-s-gamestop-tweets-are-now-a-hedge-fund-signal
126,"February 3, 2021",Goldman Sachs Goes to Supreme Court; Hedge Funds Won on GameStop,"By Sarah Ponczek, Katharine Gemmell, and Charlie Wells",opinion,https://www.bloomberg.com/opinion/articles/2021-02-03/goldman-sachs-goes-to-supreme-court-hedge-funds-won-on-gamestop-kkpoe6ws
127,"February 4, 2021",Elon Musk's GameStop Tweets Are Now a Hedge Fund Signal,By Sam Unsted,business,https://www.bloomberg.com/news/newsletters/2021-02-04/elon-musk-s-gamestop-tweets-are-now-a-hedge-fund-signal-kkr4olt7
128,"February 3, 2021",Jeff Bezos Resigns as Amazon CEO. Here’s What Comes Next,By Adam Haigh and Rita Nazareth,business,https://www.bloomberg.com/news/newsletters/2021-02-03/jeff-bezos-resigns-as-amazon-ceo-here-s-what-comes-next
129,"February 2, 2021","Mudrick Wins, Eminence Drops as Reddit Rout Hits Hedge Funds",By Emily Cadman and Donald Moore,markets,https://www.bloomberg.com/news/articles/2021-02-02/mudrick-gains-lone-pine-drops-as-hedge-funds-endure-reddit-rout
130,"January 28, 2021",AMC Considers Selling More Stock After Reddit-Fueled Rally,By Lionel Laurent,markets,https://www.bloomberg.com/news/articles/2021-01-29/amc-considers-selling-more-stock-after-reddit-fueled-rally
131,"February 2, 2021",GameStop Extends Drop as Short Interest and Volume Sink,By Luke McGrath and Brandon Kochkodin,technology,https://www.bloomberg.com/news/articles/2021-02-02/gamestop-extends-pullback-with-short-interest-and-volume-sinking
132,"February 2, 2021",Moonshot Stocks Lose $167 Billion as Crowd Preaches Defiance,By Mark Gongloff,wealth,https://www.bloomberg.com/news/articles/2021-02-02/moonshot-stocks-lose-167-billion-as-crowd-preaches-defiance
133,"February 3, 2021","Stock Markets Today: Reddit Investors, Mario Draghi, Jeff Bezos, Vaccines",By Benjamin Bain,markets,https://www.bloomberg.com/news/newsletters/2021-02-03/stock-markets-today-reddit-investors-mario-draghi-jeff-bezos-vaccines
134,"February 2, 2021",Equities Extend Rally in Asia; Dollar Holds Losses: Markets Wrap,By Luke McGrath,markets,https://www.bloomberg.com/news/articles/2021-02-02/equity-rally-to-extend-in-asia-dollar-slips-markets-wrap
135,"January 29, 2021","GameStop (GME), AMC, Surging Reddit Stocks, Dogecoin, AAPL: Investments Bets","By Bei Hu, William Shaw, and Suzy Waite",wealth,https://www.bloomberg.com/news/articles/2021-01-29/gamestop-gme-amc-surging-reddit-stocks-dogecoin-aapl-investments-bets
136,"February 2, 2021","Elon Musk Fans, WallStreetBets Redditors Have Minds of Their Own",By Jeremy Hill and Katherine Doherty,opinion,https://www.bloomberg.com/opinion/articles/2021-02-02/musk-fans-and-redditors-have-a-mind-of-their-own
137,"February 2, 2021",Mark Cuban Thanks WallStreetBets for ‘Taking On Wall Street’,By Lu Wang,wealth,https://www.bloomberg.com/news/articles/2021-02-02/mark-cuban-thanks-wallstreetbets-for-taking-on-wall-street
138,"February 2, 2021","Trump’s Immigration Legacy: Family Separations, Border Wall",By Annie Massa,opinion,https://www.bloomberg.com/opinion/articles/2021-02-02/trump-s-immigration-legacy-family-separations-border-wall
139,"February 1, 2021","Acting SEC Chief Says Market Strong, Fraud Probes a Top Priority",By Mark Gongloff,politics,https://www.bloomberg.com/news/articles/2021-02-02/acting-sec-chief-says-market-strong-fraud-probes-a-top-priority
140,"February 2, 2021",Mark Cuban Tells WallStreetBets to Hold ‘If You Can Afford to’,By Benjamin Bain,wealth,https://www.bloomberg.com/news/articles/2021-02-02/mark-cuban-tells-wallstreetbets-to-hold-if-you-can-afford-to
141,"February 2, 2021",Why the GameStop Frenzy Is Mostly a Made in U.S.A. Drama for Now,By Venus Feng,markets,https://www.bloomberg.com/news/articles/2021-02-02/why-the-gamestop-frenzy-is-mostly-a-made-in-u-s-a-drama-for-now
142,"February 2, 2021",U.S. Bankruptcy Tracker: Battered Firms Hasten to Cut Costs,By Annie Massa,markets,https://www.bloomberg.com/news/articles/2021-02-02/u-s-bankruptcy-tracker-battered-firms-make-haste-to-cut-cost
143,"February 2, 2021","VIX, Skew, ETF Shorts Show Stock Market Still Pretty Far From OK",By Matthew S Levine,markets,https://www.bloomberg.com/news/articles/2021-02-02/vix-skew-etf-shorts-show-stock-market-still-pretty-far-from-ok
144,"January 28, 2021","E*Trade Restricts Purchases of GameStop, AMC Shares",By Eddie Spence and Ranjeetha Pakiam,markets,https://www.bloomberg.com/news/articles/2021-01-28/e-trade-restricts-purchases-of-gamestop-amc-shares
145,"February 2, 2021","Trump’s Immigration Legacy: Family Separations, Border Wall",By Davide Scigliuzzo and Katherine Doherty,opinion,https://www.bloomberg.com/opinion/articles/2021-02-02/trump-s-immigration-legacy-family-separations-border-wall
146,"February 1, 2021","Acting SEC Chief Says Market Strong, Fraud Probes a Top Priority",By Claire Ballentine and Eddie van der Walt,politics,https://www.bloomberg.com/news/articles/2021-02-02/acting-sec-chief-says-market-strong-fraud-probes-a-top-priority
147,"February 2, 2021",Founders of China’s Robinhood Apps Make Billions on Retail Mania,By Katherine Greifeld and Lu Wang,wealth,https://www.bloomberg.com/news/articles/2021-02-02/founders-of-china-s-robinhood-apps-make-billions-on-retail-mania
148,"February 2, 2021",Robinhood Says Stock Settlement Times Are a Wall Street Risk,By Bailey Lipschultz,markets,https://www.bloomberg.com/news/articles/2021-02-02/robinhood-saga-renews-wall-street-group-s-move-to-limit-risks
149,"January 28, 2021",Knowing When to Sell GameStop Stock at the Top Is Impossible,By Shuli Ren,opinion,https://www.bloomberg.com/opinion/articles/2021-01-28/knowing-when-to-sell-gamestop-stock-at-the-top-is-impossible
150,"February 2, 2021",Silver Sinks as Investor Frenzy Cools After Reddit Backlash,By Jordan Fabian,markets,https://www.bloomberg.com/news/articles/2021-02-02/silver-sinks-as-investor-frenzy-cools-and-reddit-backlash-grows
151,"January 31, 2021",The Reddit Army Bailout: Desperate Companies Get New Lifelines,By Matthew S Levine,markets,https://www.bloomberg.com/news/articles/2021-01-31/the-reddit-army-bailout-desperate-companies-get-new-lifelines
152,"February 2, 2021",How Reddit Traders Are Using an ETF to Bet on Silver: QuickTake,By Adrian Kennedy,markets,https://www.bloomberg.com/news/articles/2021-02-02/how-reddit-traders-are-using-an-etf-to-bet-on-silver-quicktake
153,"February 1, 2021",GameStop Short Interest Plummets in a Sign Traders Are Covering,By Sam Unsted,markets,https://www.bloomberg.com/news/articles/2021-02-01/gamestop-short-interest-plummets-in-a-sign-traders-are-covering
154,"February 1, 2021","GameStop Sinks as Shorts Interest Drops, Retail Looks Elsewhere",By Joe Easton and Kristine Owram,markets,https://www.bloomberg.com/news/articles/2021-02-01/gamestop-sinks-as-shorts-interest-drops-retail-looks-elsewhere
155,"January 28, 2021",GameStop Frenzy Pays Off in AMC Bet by Chinese Billionaire,"By Benjamin Bain, Claire Ballentine, Yalman Onaran, and Sarah Ponczek",opinion,https://www.bloomberg.com/opinion/articles/2021-01-29/gamestop-frenzy-pays-off-in-amc-bet-by-chinese-billionaire
156,"February 2, 2021",Washington Nibbles at Edges of Stock Frenzy That Defies Fast Fix,By Hannah Levitt,politics,https://www.bloomberg.com/news/articles/2021-02-02/washington-nibbles-at-edges-of-stock-frenzy-that-defies-fast-fix
157,"February 1, 2021",GameStop (GME) Is Old News After Reddit Discovers Silver Futures,By Charlie Wells and Katharine Gemmell,business,https://www.bloomberg.com/news/newsletters/2021-02-01/gamestop-gme-is-old-news-after-reddit-discovers-silver-futures-kkmtv8bh
158,"January 29, 2021","Reddit Sparks Wall Street Crisis as Traders Buy GameStop (GME), AMC",By Claire Ballentine,business,https://www.bloomberg.com/news/newsletters/2021-01-29/reddit-sparks-wall-street-crisis-as-traders-buy-gamestop-gme-amc
159,"February 2, 2021","Stock Markets Today: Silver, Reddit Traders, EU Vaccines, Joe Biden, Stimulus",By Annie Massa,markets,https://www.bloomberg.com/news/newsletters/2021-02-02/stock-markets-today-silver-reddit-traders-eu-vaccines-joe-biden-stimulus
160,"January 27, 2021",AMC Erases Pandemic Plunge After Shares Quadruple,By Yueqi Yang,markets,https://www.bloomberg.com/news/articles/2021-01-27/amc-set-to-wipe-pandemic-plunge-after-shares-double-in-premarket
161,"February 2, 2021","Wall Street Mania Poised to Spur SEC Focus on Apps, Shorts, T+2",By Heejin Kim,markets,https://www.bloomberg.com/news/articles/2021-02-02/wall-street-mania-poised-to-spur-sec-focus-on-apps-shorts-t-2
162,"January 27, 2021","Wells Fargo Bans Advisers From GameStop, AMC Recommendations",By Joe Deaux,markets,https://www.bloomberg.com/news/articles/2021-01-27/wells-fargo-bans-advisers-from-gamestop-amc-recommendations
163,"January 29, 2021",Why Wealthsimple Refuses to Restrict Trading,By Lucas Shaw,markets,https://www.bloomberg.com/news/videos/2021-01-30/why-wealthsimple-refuses-to-restrict-trading-video
164,"February 1, 2021",Buy Silver After GameStop (GME) Surge? Reddit Mania Could Be Investment Risk,By Matthew S Levine,wealth,https://www.bloomberg.com/news/articles/2021-02-01/should-you-buy-silver-xag-after-gamestop-gme-reddit-mania-could-be-risk
165,"February 1, 2021",Cathie Wood’s Ark Is Still Setting the Pace in Thematic ETF Boom,By Matthew S Levine,markets,https://www.bloomberg.com/news/articles/2021-02-01/cathie-wood-s-ark-is-still-setting-the-pace-in-thematic-etf-boom
166,"February 1, 2021",Robinhood Stock Faces a Rocky Road to IPO,By Mohamed Aly El-Erian,business,https://www.bloomberg.com/news/newsletters/2021-02-01/robinhood-stock-faces-a-rocky-road-to-ipo
167,"January 31, 2021",Robinhood Narrows Trading Restrictions to Eight Companies,By Sam Unsted,wealth,https://www.bloomberg.com/news/articles/2021-01-31/robinhood-narrows-trading-restrictions-to-8-companies-from-50
168,"January 31, 2021",Korea’s Retail Traders Drive a Bus in Their Short-Seller ‘War’,By Brooke Sample,wealth,https://www.bloomberg.com/news/articles/2021-02-01/korea-s-retail-traders-drive-a-bus-in-their-short-seller-war
169,"February 1, 2021",Reddit Crowd Bids Up Silver; Other Commodities Tougher,By Annie Massa,markets,https://www.bloomberg.com/news/articles/2021-01-29/reddit-mob-bids-up-silver-other-commodities-are-harder-to-crack
170,"January 31, 2021",Streaming Services Have Found Their One Advantage Over Netflix,By Charlie Zhu and Evelyn Yu,business,https://www.bloomberg.com/news/newsletters/2021-01-31/streaming-services-have-found-their-one-advantage-over-netflix
171,"February 2, 2021",GameStop Trade Was a Mixed Bag for Robinhood,By Olga Kharif,opinion,https://www.bloomberg.com/opinion/articles/2021-02-02/gamestop-trade-was-a-mixed-bag-for-robinhood
172,"February 2, 2021",GameStop Trade Was a Mixed Bag for Robinhood,By Annie Massa,business,https://www.bloomberg.com/news/newsletters/2021-02-02/gamestop-trade-was-a-mixed-bag-for-robinhood-kko942ux
173,"January 27, 2021",Is Reddit Risk-Taking With GameStop and AMC a Prelude to Instability?,By Charlie Wells,opinion,https://www.bloomberg.com/opinion/articles/2021-01-27/is-reddit-risk-taking-with-gamestop-and-amc-a-prelude-to-instability
174,"February 1, 2021","Stock Markets Today: Reddit Traders, Europe Vaccines, US Stimulus, Russia",By Olga Kharif,markets,https://www.bloomberg.com/news/newsletters/2021-02-01/stock-markets-today-reddit-traders-europe-vaccines-us-stimulus-russia
175,"January 30, 2021","Nokia Stock Is Serious, GameStop Stock Is a Game",By Katherine Burton and Sridhar Natarajan,opinion,https://www.bloomberg.com/opinion/articles/2021-01-30/nokia-stock-is-serious-gamestop-stock-is-a-game-kkjq3ce7
176,"January 28, 2021",Reddit Stock Mayhem ‘Generated Substantial Risk’ for Brokers,By Katia Porzecanski,markets,https://www.bloomberg.com/news/articles/2021-01-28/reddit-stock-mayhem-generated-substantial-risk-for-brokers
177,"January 28, 2021",GameStop Trades Restricted at Big Tech-Backed China Brokers,By Kelly Gilblom,markets,https://www.bloomberg.com/news/articles/2021-01-29/gamestop-trades-restricted-at-tencent-backed-chinese-broker-futu
178,"January 28, 2021",WallStreetBets Group Is Back on Discord Service After Brief Ban,By Yueqi Yang,technology,https://www.bloomberg.com/news/articles/2021-01-28/wallstreetbets-group-is-back-on-discord-service-after-brief-ban
179,"January 28, 2021","Robinhood, Interactive Brokers Clamp Down on High-Flying Stocks",By Justin Sink,wealth,https://www.bloomberg.com/news/articles/2021-01-28/robinhood-clients-report-trading-restrictions-on-gamestop-amc
180,"January 27, 2021","Should You Buy Hyped Reddit Stocks GameStop (GME), AMC, Express (EXPR) BBBY, BB?",By Misyrlena Egkolfopoulou,wealth,https://www.bloomberg.com/news/articles/2021-01-27/gamestop-gme-should-you-buy-hyped-reddit-stocks-amc-express-expr-bbby-bb
181,"January 28, 2021",WallStreetBets Group Is Back on Discord Service After Brief Ban,By Scott Duke Kominers,technology,https://www.bloomberg.com/news/articles/2021-01-28/wallstreetbets-group-is-back-on-discord-service-after-brief-ban
182,"January 31, 2021",The Citadel Link: What Ken Griffin Has to Do With GameStop,By Katherine Doherty,wealth,https://www.bloomberg.com/news/articles/2021-01-31/the-citadel-link-what-ken-griffin-has-to-do-with-gamestop
183,"January 30, 2021",Loeb’s Third Point Made Money in January Amid Hedge Fund Turmoil,"By Katherine Doherty, Antonio Vanuzzo, and Kelly Gilblom",markets,https://www.bloomberg.com/news/articles/2021-01-30/loeb-s-third-point-made-money-in-january-amid-hedge-fund-turmoil
184,"January 30, 2021",‘Little Things’ Hits HBO Max and Theaters Amid an Uneasy Truce,By Kelly Gilblom,pursuits,https://www.bloomberg.com/news/articles/2021-01-30/-little-things-hits-hbo-max-and-theaters-amid-an-uneasy-truce
185,"January 30, 2021","Social Media Buzz: Redditors Talk SEC Risk, Macron, Nobel Prize",By Drew Singer,business,https://www.bloomberg.com/news/articles/2021-01-30/social-media-buzz-redditors-talk-sec-risk-macron-nobel-prize
186,"January 31, 2021",Biden Hits Washington Reality in Dash for Post-Trump Reset,By Justina Lee,politics,https://www.bloomberg.com/news/articles/2021-01-31/biden-hits-harsh-washington-reality-in-dash-for-post-trump-reset
187,"January 26, 2021","What's Next GameStop (GME)? Traders Eye BlackBerry (BB) AMC, Express (EXPR), NOK",By Blaise Robinson,wealth,https://www.bloomberg.com/news/articles/2021-01-26/what-s-next-gamestop-gme-traders-eye-blackberry-bb-amc-express-expr-nok
188,"January 31, 2021",GameStop Puzzle: A Game That You Can’t Stop,By Blaise Robinson,opinion,https://www.bloomberg.com/opinion/articles/2021-01-31/gamestop-puzzle-a-game-that-you-can-t-stop
189,"January 27, 2021","Day-Trader Uprising May Make Winners of Lenders Oaktree, Mudrick",By Lananh Nguyen,markets,https://www.bloomberg.com/news/articles/2021-01-28/day-trader-uprising-may-make-winners-of-lenders-oaktree-mudrick
190,"January 25, 2021","Oaktree, Centerbridge Said to Back AMC Loan Staving Off Default",By Katherine Doherty and Antonio Vanuzzo,business,https://www.bloomberg.com/news/articles/2021-01-25/oaktree-centerbridge-said-to-back-amc-loan-staving-off-default
191,"January 25, 2021",AMC Raises $917 Million on the Promise That Theaters Will Return,By Yueqi Yang,business,https://www.bloomberg.com/news/articles/2021-01-25/amc-raises-917-million-on-the-promise-that-theaters-will-return
192,"January 29, 2021",Reddit Favorites Eye Stock Sales After Shares Rally,By Nir Kaissar,markets,https://www.bloomberg.com/news/articles/2021-01-29/reddit-favorites-eye-stock-sales-after-retail-fueled-rallies
193,"January 30, 2021",A Reddit Army Descends on Hedge Funds Chained by Risk Models,By Yueqi Yang,markets,https://www.bloomberg.com/news/articles/2021-01-30/a-reddit-army-descends-on-hedge-funds-chained-by-risk-models
194,"January 29, 2021",GameStop Surges in Premarket as Some Trading Restrictions Lifted,By Lananh Nguyen,markets,https://www.bloomberg.com/news/articles/2021-01-29/gamestop-surges-in-premarket-as-some-trading-restrictions-lifted
195,"January 29, 2021",GameStop Surges in Premarket as Some Trading Restrictions Lifted,By Misyrlena Egkolfopoulou,technology,https://www.bloomberg.com/news/articles/2021-01-29/gamestop-surges-in-premarket-as-some-trading-restrictions-lifted-kki5vxkd
196,"January 29, 2021",Siebert Financial Soars After Attracting Day Traders’ Attention,"By Annie Massa, Anders Melin, and Misyrlena Egkolfopoulou",markets,https://www.bloomberg.com/news/articles/2021-01-29/siebert-financial-soars-after-attracting-day-traders-attention
197,"January 25, 2021",AMC Says Bankruptcy ‘Off the Table’ for Now With Fresh Funds,By Mark Gongloff,business,https://www.bloomberg.com/news/articles/2021-01-25/amc-says-bankruptcy-off-the-table-after-raising-equity-loans
198,"January 30, 2021",Your Weekend Reading: The Democratization of Investing Arrives Messily,By Benjamin Stupples,business,https://www.bloomberg.com/news/newsletters/2021-01-30/your-weekend-reading-the-democratization-of-investing-arrives-messily
199,"January 29, 2021",GameStop (GME) Short Squeeze Shouldn't Be Used to Derail Investors,By Luke McGrath,opinion,https://www.bloomberg.com/opinion/articles/2021-01-29/gamestop-gme-short-squeeze-shouldn-t-be-used-to-derail-investors
200,"January 30, 2021",Your Weekend Reading: The Democratization of Investing Arrives Messily,By Katherine Greifeld and Claire Ballentine,business,https://www.bloomberg.com/news/newsletters/2021-01-30/your-weekend-reading-the-democratization-of-investing-arrives-messily
201,"January 28, 2021",BofA’s Merrill Raises Margin to 100% to Trade Certain Stocks,By Andrew Browne,business,https://www.bloomberg.com/news/articles/2021-01-29/bofa-s-merrill-raises-margin-to-100-to-trade-certain-stocks
202,"January 28, 2021",Robinhood Has Told Users It May Close Some ‘At-Risk’ Positions,By Paula Sambo,wealth,https://www.bloomberg.com/news/articles/2021-01-28/robinhood-has-told-users-it-may-close-some-at-risk-positions
203,"January 30, 2021",Robinhood’s Meteoric Rise Feels the Pull of Wall Street Physics,By Ishika Mookerjee,wealth,https://www.bloomberg.com/news/articles/2021-01-30/robinhood-s-meteoric-rise-feels-the-pull-of-wall-street-physics
204,"January 29, 2021",Redditors Buying GameStop Won’t Break Finance,By Alex Webb,opinion,https://www.bloomberg.com/opinion/articles/2021-01-29/redditors-buying-gamestop-won-t-break-finance
205,"January 27, 2021",Reddit Day Trader Army Fattens Fortunes of the Super-Rich,"By Vildana Hajric, Sam Potter, and Claire Ballentine",wealth,https://www.bloomberg.com/news/articles/2021-01-27/reddit-day-trader-army-fattens-fortunes-of-world-s-super-rich
206,"January 28, 2021",Portnoy Says Robinhood ‘Dead’ After Decision to Restrict Trading,By Elena Popina and Sarah Ponczek,business,https://www.bloomberg.com/news/articles/2021-01-28/portnoy-says-robinhood-dead-after-decision-to-restrict-trading
207,"January 30, 2021",GameStop Mania Is Delivering a Dangerous Rush to the Reddit Mob,By Sarah Ponczek,markets,https://www.bloomberg.com/news/articles/2021-01-30/-like-a-drug-redditors-stock-mania-fueled-by-gambling-high
208,"January 25, 2021",AMC Says Bankruptcy Is Off The Table With New Financing (Radio),By Olivia Raimonde and Olga Kharif,business,https://www.bloomberg.com/news/audio/2021-01-25/amc-says-bankruptcy-is-off-the-table-with-new-financing-radio
209,"January 30, 2021","Bloomberg New Economy: Wall Street, Washington Go Green Together",By Emily Chang and Sophie Alexander,business,https://www.bloomberg.com/news/newsletters/2021-01-30/bloomberg-new-economy-wall-street-washington-go-green-together
210,"January 28, 2021",Reddit Ignites Mall Stock and Fund Cashes Out $500 Million,"By Lu Wang, Melissa Karsh, and Saijel Kishan",markets,https://www.bloomberg.com/news/articles/2021-01-29/reddit-fever-ignites-mall-stock-and-fund-cashes-out-500-million
211,"January 28, 2021",Mark Mobius Says Regulators Shouldn’t Act Against Reddit Traders,By Priya Anand,markets,https://www.bloomberg.com/news/articles/2021-01-29/mark-mobius-says-regulators-shouldn-t-act-against-reddit-traders
212,"January 28, 2021","GameStop May Be a Reddit WallStreetBets Game, But Nokia Sure Isn't",By Annie Massa and Melissa Karsh,opinion,https://www.bloomberg.com/opinion/articles/2021-01-28/gamestop-may-be-a-reddit-wallstreetbets-game-but-nokia-sure-isn-t
213,"January 29, 2021",Wall Street Cassandras Don’t Scare WallStreetBets Retail Army,By Matthew Monks and Michelle F Davis,markets,https://www.bloomberg.com/news/articles/2021-01-29/wall-street-cassandras-don-t-scare-wallstreetbets-retail-army
214,"January 28, 2021",Day-Trader Favorites Rally Back as Robinhood Eases Trading Ban,By Hema Parmar and Melissa Karsh,markets,https://www.bloomberg.com/news/articles/2021-01-29/day-trader-favorites-rally-back-as-robinhood-eases-trading-ban
215,"January 28, 2021",WallStreetBets Gains More Than a Million New Members Overnight,"By Annie Massa, Viren Vaghela, and Yalman Onaran",technology,https://www.bloomberg.com/news/articles/2021-01-28/wallstreetbets-gains-more-than-a-million-new-members-overnight
216,"January 29, 2021",Crypto Entrepreneurs Seize on Reddit Revolt Ethos to Sway Users,By Claire Ballentine,markets,https://www.bloomberg.com/news/articles/2021-01-29/crypto-entrepreneurs-seize-on-reddit-revolt-ethos-to-sway-users
217,"January 28, 2021","Robinhood CEO Says Trading Limits Will Protect Firm, Customers",By Patrick Clark and Natalie Wong,wealth,https://www.bloomberg.com/news/articles/2021-01-29/robinhood-ceo-says-trading-limits-will-protect-firm-customers
218,"January 29, 2021",Hedge Fund Pressure Lingers With Short Sellers’ Targets Rallying,By Joe Nocera,markets,https://www.bloomberg.com/news/articles/2021-01-29/hedge-fund-pressure-lingers-with-short-sellers-targets-rallying
219,"January 28, 2021",Reddit CEO Says WallStreetBets ‘Well in Bounds’ of Its Policy,By Chris Dolmetsch,technology,https://www.bloomberg.com/news/articles/2021-01-28/gamestop-shows-rising-power-of-retail-traders-reddit-co-founder
220,"January 28, 2021",Peterffy Says Firm Imposed Curbs to Protect Market Integrity,By Heejin Kim,markets,https://www.bloomberg.com/news/articles/2021-01-28/peterffy-says-firm-imposed-curbs-to-protect-market-integrity
221,"January 28, 2021",Robinhood Is Said to Draw on Bank Credit Lines Amid Tumult,By Olga Kharif,markets,https://www.bloomberg.com/news/articles/2021-01-28/robinhood-is-said-to-draw-on-credit-lines-from-banks-amid-tumult
222,"January 28, 2021",Viking Hedge Fund Down About 7% in Stock Market Tumult,"By Annie Massa, Misyrlena Egkolfopoulou, Michelle F Davis, and Matthew Monks",markets,https://www.bloomberg.com/news/articles/2021-01-28/viking-global-hedge-fund-down-single-digits-in-market-tumult
223,"January 29, 2021",What’s the DTCC and How Did It Stop GameStop Mania?: QuickTake,By Joe Easton,markets,https://www.bloomberg.com/news/articles/2021-01-29/what-s-the-dtcc-and-how-did-it-stop-gamestop-mania-quicktake
224,"January 29, 2021",Ark Mania Finally Fading After GameStop Fever Sweeps Wall Street,By Sarah Ponczek and Claire Ballentine,markets,https://www.bloomberg.com/news/articles/2021-01-29/ark-mania-finally-fading-after-gamestop-fever-sweeps-wall-street
225,"January 29, 2021",Reddit Rally Share Sale Spotlights Dire Future Facing U.S. Malls,By Matthew S Levine,markets,https://www.bloomberg.com/news/articles/2021-01-29/reddit-rally-share-sale-spotlights-dire-future-facing-u-s-malls
226,"January 29, 2021",GameStop (GME) Trading: Short Sellers Like Citron Aren’t the Enemy,By Justina Lee and Lu Wang,opinion,https://www.bloomberg.com/opinion/articles/2021-01-29/gamestop-gme-trading-short-sellers-like-citron-aren-t-the-enemy
227,"January 28, 2021","Robinhood Customers Sue Over Removal of GameStop, Others",By Sybilla Gross and Tracy Alloway,business,https://www.bloomberg.com/news/articles/2021-01-28/robinhood-customers-sue-over-removal-of-gamestop
228,"January 29, 2021","U.S. Index Futures Slide Amid China Squeeze, Retail Volatility",By Matthew S Levine,markets,https://www.bloomberg.com/news/articles/2021-01-29/u-s-index-futures-slide-amid-china-squeeze-retail-volatility
229,"January 27, 2021",WallStreetBets Banned From Discord for Allowing Hateful Speech,By Lorcan Roche Kelly,technology,https://www.bloomberg.com/news/articles/2021-01-28/wallstreetbets-banned-from-discord-for-allowing-hateful-speech
230,"January 29, 2021","For Robinhood, a Dash for Cash After Traders Took on Wall Street",By Matthew S Levine,wealth,https://www.bloomberg.com/news/articles/2021-01-29/for-robinhood-a-dash-for-cash-after-traders-took-on-wall-street
231,"January 28, 2021",Reddit Stock Picks Whipsaw After Manic Few Days of Trading,By Adam Haigh,markets,https://www.bloomberg.com/news/articles/2021-01-28/reddit-stock-picks-trim-rallies-after-manic-few-days-of-trading
232,"January 27, 2021","What Happened in Stock Market Today With GME, Stocktwits, r/WallStreetBets",By Brian Chappatta,markets,https://www.bloomberg.com/news/articles/2021-01-27/in-11-hours-of-pure-mania-100-stock-gains-popped-up-everywhere
233,"January 28, 2021",Knowing When to Sell GameStop Stock at the Top Is Impossible,By Susan Decker,business,https://www.bloomberg.com/news/newsletters/2021-01-28/knowing-when-to-sell-gamestop-stock-at-the-top-is-impossible-kkh4556k
234,"January 28, 2021",Hedge Funds’ Trades Are Working Again After Worst Day in History,By Bailey Lipschultz,markets,https://www.bloomberg.com/news/articles/2021-01-28/hedge-funds-trades-working-again-with-short-basket-plunging-9
235,"January 27, 2021",Five Things You Need to Know to Start Your Day,By Conor Sen,business,https://www.bloomberg.com/news/newsletters/2021-01-27/five-things-you-need-to-know-to-start-your-day-kkg1ymsq
236,"January 29, 2021",Reddit Traders on Robinhood Are on Both Sides of GameStop,By Paul Jarvis,opinion,https://www.bloomberg.com/opinion/articles/2021-01-29/reddit-traders-on-robinhood-are-on-both-sides-of-gamestop
237,"January 29, 2021",Five Things You Need to Know to Start Your Day,By Luke McGrath and Annie Massa,markets,https://www.bloomberg.com/news/newsletters/2021-01-29/five-things-you-need-to-know-to-start-your-day
238,"January 29, 2021",Reddit Traders on Robinhood Are on Both Sides of GameStop,"By Jordan Fabian, Erik Wasson, and Jarrell Dillard",business,https://www.bloomberg.com/news/newsletters/2021-01-29/reddit-traders-on-robinhood-are-on-both-sides-of-gamestop-kkijh28u
239,"January 28, 2021",Asia Set for Rally After U.S. Stocks Rebound: Markets Wrap,By David Rovella,markets,https://www.bloomberg.com/news/articles/2021-01-28/asia-set-for-rally-after-u-s-stocks-rebound-markets-wrap
240,"January 28, 2021",GameStop (GME) Short Squeeze Forces a Look at Zero-Fee Options,By Paul Jarvis,opinion,https://www.bloomberg.com/opinion/articles/2021-01-28/gamestop-gme-short-squeeze-forces-a-look-at-zero-fee-options
241,"January 28, 2021",IRobot Launches New Attack on SharkNinja’s Robotic Vacuums,By Joanna Ossinger,technology,https://www.bloomberg.com/news/articles/2021-01-28/irobot-launches-new-attack-on-sharkninja-over-robotic-vacuums
242,"January 28, 2021",GameStop’s Boom Briefly Vaults Stock to Top of Russell 2000,By Yvonne Yue Li and Joe Deaux,markets,https://www.bloomberg.com/news/articles/2021-01-28/gamestop-s-boom-briefly-vaults-stock-to-top-of-russell-2000
243,"January 28, 2021",Robinhood's Right to Save GameStop (GME) Traders From Themselves,By Brooke Sutherland,opinion,https://www.bloomberg.com/opinion/articles/2021-01-28/robinhood-s-right-to-save-gamestop-gme-traders-from-themselves
244,"January 28, 2021",GameStop Briefly Tops $500 as Stock Resumes Momentous Surge,By Katherine Greifeld and Sarah Ponczek,technology,https://www.bloomberg.com/news/articles/2021-01-28/gamestop-resumes-rally-after-reddit-forum-s-brief-outage
245,"January 27, 2021",TD Ameritrade Curbs GameStop Trades as Frenzy Snags Brokers,By Sybilla Gross and Tracy Alloway,markets,https://www.bloomberg.com/news/articles/2021-01-27/robinhood-schwab-among-online-brokers-hit-by-service-disruption
246,"January 28, 2021",Ocasio-Cortez Urges Scrutiny of Robinhood Curbs on GameStop,By Bailey Lipschultz,politics,https://www.bloomberg.com/news/articles/2021-01-28/ocasio-cortez-urges-scrutiny-of-robinhood-moves-to-curb-gamestop
247,"January 28, 2021",Your Evening Briefing: GameStop Finally Turns Back Toward Earth,"By Melissa Karsh, Katherine Burton, and Hema Parmar",business,https://www.bloomberg.com/news/newsletters/2021-01-28/your-evening-briefing-gamestop-finally-turns-back-toward-earth
248,"January 28, 2021",GameStop Ascent Pauses After Reddit Forum’s Brief Outage,By John Authers,markets,https://www.bloomberg.com/news/articles/2021-01-28/gamestop-pauses-for-breath-after-reddit-forum-s-brief-outage
249,"January 27, 2021",Retail Mania Spurs Veteran Trader to Scour Chat Rooms and Charts,By Erik Schatzker,markets,https://www.bloomberg.com/news/articles/2021-01-28/retail-mania-spurs-veteran-trader-to-scour-chat-rooms-and-charts
250,"January 28, 2021",Silver Is the Latest Market Hit by Reddit Day-Trader Frenzy,"By Jackie Edwards, Ronojoy Mazumdar, and Ishika Mookerjee",markets,https://www.bloomberg.com/news/articles/2021-01-28/silver-is-the-latest-market-hit-by-reddit-day-trader-frenzy
251,"January 28, 2021",Reddit Traders Turn to American Airlines After GameStop,By Lu Wang,opinion,https://www.bloomberg.com/opinion/articles/2021-01-28/reddit-traders-turn-to-american-airlines-after-gamestop
252,"January 27, 2021",WallStreetBets Briefly Goes Dark After Fueling GameStop’s Surge,By Lu Wang,technology,https://www.bloomberg.com/news/articles/2021-01-28/reddit-s-wallstreetbets-goes-dark-after-fueling-gamestop-surge
253,"January 28, 2021",Five Things You Need to Know to Start Your Day,By Lu Wang,business,https://www.bloomberg.com/news/newsletters/2021-01-28/five-things-you-need-to-know-to-start-your-day-kkhgrh8s
254,"January 27, 2021",Reddit-Fueled Traders Trigger Volatility Halts Across Market,By Matthew Boesler,markets,https://www.bloomberg.com/news/articles/2021-01-27/reddit-fueled-traders-trigger-volatility-halts-across-the-market
255,"January 27, 2021",Dan Sundheim’s $20 Billion D1 Capital Loses About 20% This Month,By Adam Haigh and Gregor Stuart Hunter,markets,https://www.bloomberg.com/news/articles/2021-01-28/dan-sundheim-s-20-billion-d1-capital-loses-about-20-this-month
256,"January 28, 2021",Stocks Have Reflation Trade Concerns Amid the GameStop Drama,By Katherine Greifeld,opinion,https://www.bloomberg.com/opinion/articles/2021-01-28/stocks-have-reflation-trade-concerns-amid-the-gamestop-drama
257,"January 27, 2021","Carson Block Cuts Short Bets, Ducking Bear-Hunting ‘Mob’",By Lorcan Roche Kelly,markets,https://www.bloomberg.com/news/articles/2021-01-27/carson-block-cuts-short-bets-ducking-online-mob-hunting-bears
258,"January 28, 2021",GameStop Mania Goes Global as Retail Traders Gang Up on Shorts,"By Katherine Burton, Hema Parmar, and Melissa Karsh",markets,https://www.bloomberg.com/news/articles/2021-01-28/gamestop-mania-prompts-surge-in-australia-s-most-shorted-stocks
259,"January 27, 2021",Hedge Fund Favorites Are Telltale Leaders In Broad Stock Selloff,By Olga Kharif,markets,https://www.bloomberg.com/news/articles/2021-01-27/hedge-fund-favorites-are-telltale-leaders-in-broad-stock-selloff
260,"January 27, 2021",Hedge Fund Favorites Are Telltale Leaders In Broad Stock Selloff,By Margaret Sutherlin,markets,https://www.bloomberg.com/news/articles/2021-01-27/hedge-fund-favorites-are-telltale-leaders-in-broad-stock-selloff
261,"January 27, 2021","JPMorgan’s Kolanovic Rebukes Bubble Warnings, Urging Buy the Dip",By Aoyon Ashraf,markets,https://www.bloomberg.com/news/articles/2021-01-27/jpmorgan-s-kolanovic-rebukes-bubble-warnings-urging-buy-the-dip
262,"January 27, 2021","Powell Sidesteps GameStop Frenzy, Sees Vaccine Buoying Market",By Brian Chappatta,markets,https://www.bloomberg.com/news/articles/2021-01-27/powell-links-soaring-stocks-to-optimism-on-vaccine-relief-bill
263,"January 27, 2021",Stocks Extend Drop After Worst Slump Since October: Markets Wrap,By Michael P Regan and Vildana Hajric,markets,https://www.bloomberg.com/news/articles/2021-01-27/stocks-extend-drop-after-worst-rout-since-october-markets-wrap
264,"January 27, 2021",Wall Street Scans Short-Squeeze Targets Amid Reddit ‘Revolution’,By Mark Gongloff,markets,https://www.bloomberg.com/news/articles/2021-01-27/wall-street-scans-short-squeeze-targets-amid-reddit-revolution
265,"January 28, 2021",Five Things You Need to Know to Start Your Day,"By Michael P Regan, Bailey Lipschultz, and Anders Melin",markets,https://www.bloomberg.com/news/newsletters/2021-01-28/five-things-you-need-to-know-to-start-your-day
266,"January 27, 2021","Cohen, Sundheim Lose Billions to Reddit Traders Running Amok",By Lu Wang,markets,https://www.bloomberg.com/news/articles/2021-01-28/cohen-sundheim-lose-billions-to-reddit-traders-running-amok
267,"January 27, 2021",What’s the $23 Billion GameStop Really Worth? Maybe $2 Billion,By Jeremy Hill and Katherine Doherty,business,https://www.bloomberg.com/news/articles/2021-01-27/what-s-the-23-billion-gamestop-really-worth-maybe-2-billion
268,"January 27, 2021",Your Evening Briefing: GameStop Madness Continues as Markets Sink,By Matthew S Levine,business,https://www.bloomberg.com/news/newsletters/2021-01-27/your-evening-briefing-gamestop-madness-continues-as-markets-sink
269,"January 26, 2021",Formidable Vows to Stay Course After Hedge Fund’s 83% 2020 Gain,By Tracy Alloway,markets,https://www.bloomberg.com/news/articles/2021-01-26/hedge-fund-that-soared-83-says-now-is-no-time-to-shift-strategy
270,"January 27, 2021",Fed Meeting: Powell Refuses to Bite on GameStop or Tapering,By Matthew S Levine,opinion,https://www.bloomberg.com/opinion/articles/2021-01-27/fed-meeting-powell-refuses-to-bite-on-gamestop-or-tapering
271,"January 27, 2021",GameStop Frenzy Reaches Biden and Powell as Hedge Funds Squeezed,By Justina Lee,markets,https://www.bloomberg.com/news/articles/2021-01-27/gamestop-frenzy-reaches-biden-and-powell-as-hedge-funds-squeezed
272,"January 27, 2021",GameStop Has Us in a Glass Case of Emotion,By Divya Balji and Janet Freund,opinion,https://www.bloomberg.com/opinion/articles/2021-01-27/gamestop-has-us-in-a-glass-case-of-emotion
273,"January 27, 2021",Reddit Jolts Activist-Short Hedge Funds Into ‘Adapt or Die’ Mode,By Vildana Hajric and Katherine Greifeld,markets,https://www.bloomberg.com/news/articles/2021-01-27/reddit-jolts-activist-short-hedge-funds-into-adapt-or-die-mode
274,"January 25, 2021",Why Merck's Vaccine Exit Is Significant: Mammadova (Podcast),By Suzanne Woolley,business,https://www.bloomberg.com/news/audio/2021-01-25/why-merck-s-vaccine-exit-is-significant-mammadova-podcast
275,"January 26, 2021",Hedge Funds Fighting Short Raids Now Get Hit on Bullish Bets,By Matthew S Levine,markets,https://www.bloomberg.com/news/articles/2021-01-26/hedge-funds-fighting-short-raids-now-getting-hit-on-bullish-bets
276,"January 26, 2021",U.S. Bankruptcy Tracker: Real Estate Faces ‘Existential Crisis’,By Matthew S Levine,markets,https://www.bloomberg.com/news/articles/2021-01-26/u-s-bankruptcy-tracker-real-estate-faces-existential-crisis
277,"January 27, 2021",Reddit-Driven Surge Puts Gamestop and Ryan Cohen In a Weird Spot,By Jeremy Hill and Katherine Doherty,opinion,https://www.bloomberg.com/opinion/articles/2021-01-27/reddit-driven-surge-puts-gamestop-and-ryan-cohen-in-a-weird-spot
278,"January 27, 2021",How ‘Flows Before Pros’ Is Disrupting Stock Markets: QuickTake,By Subhadip Sircar,markets,https://www.bloomberg.com/news/articles/2021-01-27/how-flows-before-pros-is-disrupting-stock-markets-quicktake
279,"January 27, 2021",Reddit-Driven Surge Puts Gamestop and Ryan Cohen In a Weird Spot,By Rahul Satija and Subhadip Sircar,business,https://www.bloomberg.com/news/newsletters/2021-01-27/reddit-driven-surge-puts-gamestop-and-ryan-cohen-in-a-weird-spot-kkfof4sn
280,"January 26, 2021",Short Sellers Crushed Like Never Before as Retail Army Charges,By Kelly Gilblom,markets,https://www.bloomberg.com/news/articles/2021-01-26/short-sellers-crushed-like-never-before-as-retail-army-charges
281,"January 25, 2021",Retailer Express More Than Doubles Amid Reddit Speculation,By Jeremy Hill and Katherine Doherty,markets,https://www.bloomberg.com/news/articles/2021-01-25/retailer-express-more-than-doubles-amid-reddit-speculation
282,"January 26, 2021",Froth in Retail Options Now Dwarfs Level of August Boom and Bust,By Rachel McGovern,markets,https://www.bloomberg.com/news/articles/2021-01-26/froth-in-retail-options-now-dwarfs-level-of-august-boom-and-bust
283,"January 27, 2021","Investment Ideas If You Have $10,000 to Put in the Market in 2021","By Katherine Doherty, Sridhar Natarajan, and Katia Porzecanski",wealth,https://www.bloomberg.com/features/how-to-invest-10k/
284,"January 26, 2021",Will WallStreetBets Face SEC Scrutiny After GameStop Rally?,By Michael O'Boyle,opinion,https://www.bloomberg.com/opinion/articles/2021-01-26/will-wallstreetbets-face-sec-scrutiny-after-gamestop-rally
285,"January 26, 2021",Will WallStreetBets Face SEC Scrutiny After GameStop Rally?,By Jeremy Hill and Katherine Doherty,business,https://www.bloomberg.com/news/newsletters/2021-01-26/will-wallstreetbets-face-sec-scrutiny-after-gamestop-rally-kke9fpzq
286,"January 19, 2021",U.S. Bankruptcy Tracker: Hotel Filings Rise Amid Virus Spike,By John J Edwards III,markets,https://www.bloomberg.com/news/articles/2021-01-19/u-s-bankruptcy-tracker-hotel-filings-rise-amid-virus-spike
287,"January 18, 2021",RBI Signal on Higher Money-Market Rates Worries Bond Traders,By Chris Palmeri,markets,https://www.bloomberg.com/news/articles/2021-01-18/bond-turmoil-on-india-s-cash-drain-shows-market-fragility
288,"January 17, 2021",A Top Fund Manager Is Bullish on Riskier India Debt on Recovery,"By Moxy Ying, Ksenia Galouchko, Elena Popina, Bailey Lipschultz, Ishika Mookerjee, Ronojoy Mazumdar, and Macarena Munoz Montijano",markets,https://www.bloomberg.com/news/articles/2021-01-17/top-fund-manager-is-bullish-on-riskier-india-credits-on-recovery
289,"January 12, 2021","There Is Still Value in the Indian Equity Market, Says Patil",By Kelly Gilblom,business,https://www.bloomberg.com/news/videos/2021-01-12/there-is-still-value-in-the-indian-equity-market-says-patil-video
290,"January 14, 2021","Expect More Blockbusters to Be Delayed, Universal Boss Says",By Josh Saul and Katherine Doherty,business,https://www.bloomberg.com/news/articles/2021-01-14/expect-more-blockbusters-to-be-delayed-universal-boss-says
291,"January 12, 2021",U.S. Bankruptcy Tracker: New Filings Muted as Borrowers Dig In,By Laurel Brubaker Calkins and Kelly Gilblom,markets,https://www.bloomberg.com/news/articles/2021-01-12/u-s-bankruptcy-tracker-new-filings-muted-as-borrowers-dig-in
292,"January 8, 2021","Record Sum of Dry Powder Ready for Pandemic-Hit Firms, ICG Says",By Kelly Gilblom,markets,https://www.bloomberg.com/news/articles/2021-01-08/record-sum-of-dry-powder-ready-for-pandemic-hit-firms-icg-says
293,"January 8, 2021",Credit Funds From Apollo to Diameter Tally Big Gains in 2020,By Verity Ratcliffe,markets,https://www.bloomberg.com/news/articles/2021-01-08/credit-funds-from-apollo-to-diameter-tally-big-gains-for-2020
294,"January 6, 2021",Cinepolis Enlists Lazard to Save Its Global Web of Posh Cinemas,"By Craig Torres, Paula Seligson, and Josh Saul",markets,https://www.bloomberg.com/news/articles/2021-01-06/cinepolis-enlists-lazard-to-save-its-global-web-of-posh-cinemas
295,"January 5, 2021",U.S. Bankruptcy Tracker: Pandemic Spurs Most Filings Since 2009,By Katherine Doherty,markets,https://www.bloomberg.com/news/articles/2021-01-05/u-s-bankruptcy-tracker-pandemic-spurs-most-filings-since-2009
296,"December 30, 2020","AMC, Fighting Bankruptcy, to Offer 50 Million More Shares",By Josh Saul and Katherine Doherty,markets,https://www.bloomberg.com/news/articles/2020-12-30/amc-fighting-bankruptcy-files-to-offer-50-million-more-shares
297,"December 28, 2020","HBO Max, Disney+ See Bump in App Downloads With Film Debuts",By Tara Lachapelle,technology,https://www.bloomberg.com/news/articles/2020-12-28/hbo-max-disney-see-bump-in-app-downloads-with-film-debuts
298,"December 25, 2020","Investors Rethink Role of Bonds, Tech and ESG After Chaotic Year",By Lucas Shaw,markets,https://www.bloomberg.com/news/articles/2020-12-26/investors-rethink-role-of-bonds-tech-and-esg-after-chaotic-year
299,"December 25, 2020",‘Wonder Woman’ Likely to Lasso More TV Viewers Than Theatergoers,By Lisa Pham,business,https://www.bloomberg.com/news/articles/2020-12-25/-wonder-woman-likely-to-lasso-more-tv-viewers-than-theatergoers
300,"December 22, 2020",U.S. Bankruptcy Tracker: Virus Sparks Worst December Since 2011,By Josh Saul and Katherine Doherty,markets,https://www.bloomberg.com/news/articles/2020-12-22/u-s-bankruptcy-tracker-virus-sparks-worst-december-since-2011
301,"December 22, 2020",Cinemark Sues Insurer for $400 Million in Covid-Related Losses,By Ronojoy Mazumdar,business,https://www.bloomberg.com/news/articles/2020-12-22/cinemark-sues-insurer-for-400-million-in-covid-related-losses
302,"December 22, 2020",Wonder Woman and HBO Max Are Making Movie Theaters Better,By Kelly Gilblom,pursuits,https://www.bloomberg.com/news/articles/2020-12-22/wonder-woman-and-hbo-max-are-making-movie-theaters-better
303,"December 20, 2020",Engie Solutions Acquires Saudi Arabia’s Allied Maintenance Co.,"By Lucas Shaw, Kelly Gilblom, and Scott Moritz",business,https://www.bloomberg.com/news/articles/2020-12-20/engie-solutions-acquires-saudi-arabia-s-allied-maintenance-co
304,"December 18, 2020",Biden’s Plans for Recovery Face Corporate America Debt Problem,By Kelly Gilblom,politics,https://www.bloomberg.com/news/articles/2020-12-18/biden-s-plans-for-recovery-face-corporate-america-debt-problem
305,"December 11, 2020",AMC Seeks More  Liquidity to Avert Movie Theater Bankruptcy,By Tara Lachapelle,markets,https://www.bloomberg.com/news/articles/2020-12-11/amc-movie-theaters-seek-liquidity-lifelines-to-avert-bankruptcy
306,"December 15, 2020",U.S. Bankruptcy Tracker: Real Estate Dominates Filings Flurry,By Kelly Gilblom,technology,https://www.bloomberg.com/news/articles/2020-12-15/u-s-bankruptcy-tracker-real-estate-dominates-filings-flurry
307,"December 14, 2020","Netflix Faces Biggest Test in 2021 With Disney+, HBO Max Steaming Challenge",By Katherine Doherty,opinion,https://www.bloomberg.com/view/articles/2020-12-14/netflix-faces-biggest-test-in-2021-with-disney-hbo-max-steaming-challenge
308,"December 13, 2020",When Are New Star Wars Shows Coming to Disney+?,By Lu Wang and Claire Ballentine,business,https://www.bloomberg.com/news/newsletters/2020-12-13/when-are-new-star-wars-shows-coming-to-disney
309,"December 10, 2020","Wirecard, NMC Are Anomalies in a Year That Crushed Short Sellers",By Katherine Doherty,markets,https://www.bloomberg.com/news/articles/2020-12-10/wirecard-nmc-are-anomalies-in-a-year-that-crushed-short-sellers
310,"December 8, 2020",U.S. Bankruptcy Tracker: Coal’s a Canary in the Mine for Energy,By Antonio Vanuzzo and Katherine Doherty,markets,https://www.bloomberg.com/news/articles/2020-12-08/u-s-bankruptcy-tracker-coal-s-a-canary-in-the-mine-for-energy
311,"December 7, 2020",India Rally Could Broaden to Include Banks as Reliance Peaks,By Brian Chappatta,markets,https://www.bloomberg.com/news/articles/2020-12-08/india-rally-could-broaden-to-include-banks-as-reliance-peaks
312,"December 3, 2020",Theater Chains Vexed by Warner Bros.’ Straight-to-Streaming Move,"By Charlie Zhu, Evelyn Yu, and Mengchen Lu",pursuits,https://www.bloomberg.com/news/articles/2020-12-04/theater-chains-vexed-by-warner-bros-straight-to-streaming-move
313,"December 6, 2020",WarnerMedia’s HBO Max Gambit Overcame Internal Doubts at AT&T,By Kelly Gilblom,technology,https://www.bloomberg.com/news/articles/2020-12-06/warnermedia-s-hbo-max-gambit-overcame-internal-doubts-at-at-t
314,"December 3, 2020","Donna Langley, Executive Who Brought Trolls World Tour Online: Bloomberg 50 2020",By Kelly Gilblom,businessweek,https://www.bloomberg.com/news/articles/2020-12-03/donna-langley-executive-who-brought-trolls-world-tour-online-bloomberg-50-2020
315,"December 3, 2020",Warner Bros. and HBO Max Deal Crushing Blow to Movie Theaters,By Kelly Gilblom,opinion,https://www.bloomberg.com/view/articles/2020-12-03/warner-bros-and-hbo-max-deal-crushing-blow-to-movie-theaters
316,"December 3, 2020",Warner Bros.’ 2021 Films to Hit Both HBO Max and Theaters,By Jeran Wittenstein,pursuits,https://www.bloomberg.com/news/articles/2020-12-03/warner-bros-2021-films-to-hit-hbo-max-on-same-day-as-theaters
317,"December 1, 2020","U.S. Bankruptcy Tracker: Vaccine Won’t Halt Travel, Retail Decay",By Lucas Shaw and Kelly Gilblom,markets,https://www.bloomberg.com/news/articles/2020-12-01/u-s-bankruptcy-tracker-vaccine-won-t-halt-travel-retail-decay
318,"November 24, 2020","Back-to-Normal Rally Drives Dow Above 30,000 for First Time","By Sally Bakewell, Drew Singer, and Davide Scigliuzzo",markets,https://www.bloomberg.com/news/articles/2020-11-24/back-to-normal-rally-drives-dow-above-30-000-for-first-time
319,"November 24, 2020",U.S. Bankruptcy Tracker: March of the Zombies Is Coming Soon,By Brian Chappatta,markets,https://www.bloomberg.com/news/articles/2020-11-24/u-s-bankruptcy-tracker-march-of-the-zombies-is-coming-soon
320,"November 23, 2020",What Do You Do With a Lot of Dead Movie Theaters?,By John Authers,citylab,https://www.bloomberg.com/news/articles/2020-11-23/what-do-you-do-with-a-lot-of-dead-movie-theaters
321,"November 20, 2020","Cineworld Weighs Rival Rescue Plans From Lenders, Centerbridge",By Bailey Lipschultz and Divya Balji,business,https://www.bloomberg.com/news/articles/2020-11-20/cineworld-weighs-rival-rescue-plans-from-lenders-centerbridge
322,"November 20, 2020",Should Corporate Zombies Give You Nightmares?,By Lucas Shaw,opinion,https://www.bloomberg.com/view/articles/2020-11-20/should-corporate-zombies-give-you-nightmares
323,"November 18, 2020",China $214 Billion Fund Manager Looks to Boost Overseas Inflows,By Kelly Gilblom,markets,https://www.bloomberg.com/news/articles/2020-11-18/china-214-billion-fund-manager-looks-to-boost-overseas-inflows
324,"November 16, 2020","Universal, Cinemark Agree to Change the Way Movies Are Released",By Kelly Gilblom,pursuits,https://www.bloomberg.com/news/articles/2020-11-16/universal-cinemark-agree-to-change-the-way-movies-are-released
325,"November 10, 2020",AMC Entertainment Seeks to Raise $70 Million Amid Vaccine Hopes,By Tara Lachapelle,markets,https://www.bloomberg.com/news/articles/2020-11-10/amc-entertainment-seeks-to-raise-70-million-amid-vaccine-hopes
326,"November 14, 2020",Universal Takes Aim at Faltering U.S. Box Office with ‘Freaky’,By Josh Saul and Katherine Doherty,business,https://www.bloomberg.com/news/articles/2020-11-14/universal-takes-aim-at-faltering-u-s-box-office-with-freaky
327,"November 13, 2020","Trump’s Vaccine Comments Boost Movie-Theater, Travel Stocks",By John J Edwards III and Katherine Doherty,markets,https://www.bloomberg.com/news/articles/2020-11-14/trump-s-vaccine-comments-boost-movie-theater-travel-stocks
328,"November 12, 2020",‘Wonder Woman’ May Go to HBO Max Shortly After Theater Opening,By Josh Saul,pursuits,https://www.bloomberg.com/news/articles/2020-11-12/-wonder-woman-may-go-to-hbo-max-shortly-after-theater-opening
329,"November 11, 2020",Corporate America Is Stockpiling Cash Before Covid Winter Hits,By Yueqi Yang and Ryan Vlastelica,markets,https://www.bloomberg.com/news/articles/2020-11-11/corporate-america-is-stockpiling-cash-before-covid-winter-hits
330,"November 10, 2020",REITs Fly Under the Radar as a Smart Covid Vaccine Trade,By Kelly Gilblom,opinion,https://www.bloomberg.com/view/articles/2020-11-10/reits-fly-under-the-radar-as-a-smart-covid-vaccine-trade
331,"November 11, 2020",Vaccine Monday's FANG Rout Doesn't Make a Market Revolution,By Michael White,opinion,https://www.bloomberg.com/view/articles/2020-11-11/vaccine-monday-s-fang-rout-doesn-t-make-a-market-revolution
332,"November 9, 2020",Lockdown Winners Fade as Reopen Trade Roars After Covid Data,By Miles Weiss,markets,https://www.bloomberg.com/news/articles/2020-11-09/lockdown-winners-fade-as-reopen-trade-roars-after-vaccine-data
333,"November 8, 2020",Donald Trump Lost. What Does the Media Do Now?,By Ronald Grover,business,https://www.bloomberg.com/news/newsletters/2020-11-08/donald-trump-lost-what-does-the-media-do-now
334,"November 2, 2020",AMC Entertainment Posts Loss as Its Theaters Continue to Reopen,By Ronald Grover,business,https://www.bloomberg.com/news/articles/2020-11-02/amc-entertainment-posts-loss-as-its-theaters-continue-to-reopen
335,"November 2, 2020",Holiday Movie Showdown Turns Into Fight for Home Audiences,By David Kiley,pursuits,https://www.bloomberg.com/news/articles/2020-11-02/battle-of-kids-movies-won-t-be-waged-in-theaters-this-season
336,"October 29, 2020","Movie Theaters, AMC Won't Recover From Year of Covid",By Ronald Grover,opinion,https://www.bloomberg.com/view/articles/2020-10-29/movie-theaters-amc-won-t-recover-from-year-of-covid
337,"October 27, 2020",U.S. Bankruptcy Tracker: Perella Sees 2021 Bust as Cash Runs Out,By Ronald Grover,business,https://www.bloomberg.com/news/articles/2020-10-27/u-s-bankruptcy-tracker-perella-sees-2021-bust-as-cash-runs-out
338,"October 20, 2020",AMC Entertainment to Sell Stock Amid Bankruptcy Warning,By Ronald Grover,markets,https://www.bloomberg.com/news/articles/2020-10-20/amc-entertainment-to-sell-new-stock-amid-going-concern-worries
339,"October 23, 2020",Studio Movie Grill Goes Bankrupt With Covid-19 Slamming Theaters,By Ronald Grover,markets,https://www.bloomberg.com/news/articles/2020-10-23/studio-movie-grill-goes-bankrupt-with-covid-19-slamming-theaters
340,"October 19, 2020",AMC Soars After New York Moves to Lift Restrictions on Theaters,By Ronald Grover,business,https://www.bloomberg.com/news/articles/2020-10-19/amc-soars-after-new-york-moves-to-lift-restrictions-on-theaters
341,"October 21, 2020",Regal Theater Chain Begins Reopening With 11 New York Locations,By Anuchit Nguyen,pursuits,https://www.bloomberg.com/news/articles/2020-10-21/regal-theater-chain-begins-reopening-with-11-new-york-locations
342,"December 15, 2009","‘Up in the Air,’ ‘Nine’ Lead Golden Globe Nominations",By Ronald Grover,technology,https://www.bloomberg.com/news/articles/2009-12-15/-up-in-the-air-nine-lead-golden-globe-nominations
343,"May 5, 2010",Nigerian Senate Approves Bill to Buy Banks’ Bad Debts,By Ronald Grover,business,https://www.bloomberg.com/news/articles/2010-05-05/nigerian-senate-approves-bill-to-buy-bad-debts-shares-in-ailing-banks
344,"May 5, 2009",Icahn’s Offer for Lions Gate Debt Draws Few Sellers,By Ronald Grover,markets,https://www.bloomberg.com/news/articles/2009-05-05/icahn-s-offer-for-lions-gate-debt-draws-few-sellers
345,"September 22, 2008","`Mad Men' Wins Best Drama Emmy, Boosting Basic-Cable",By Kelly Gilblom,technology,https://www.bloomberg.com/news/articles/2008-09-22/-mad-men-wins-best-drama-emmy-boosting-basic-cable
346,"September 17, 2008","MGM, Lionsgate, Paramount Need Movie Channel Help",By Ronojoy Mazumdar,business,https://www.bloomberg.com/news/articles/2008-09-17/mgm-lionsgate-paramount-need-movie-channel-helpbusinessweek-business-news-stock-market-and-financial-advice
347,"September 10, 2008",Media Moguls Do the Splits,By Matthew Ball,business,https://www.bloomberg.com/news/articles/2008-09-10/media-moguls-do-the-splitsbusinessweek-business-news-stock-market-and-financial-advice
348,"November 3, 2008",Albania Seeks Buyers for Minority Stake in Cosmote Phone Unit,By Thomas Seal and Lisa Pham,technology,https://www.bloomberg.com/news/articles/2008-11-03/albania-seeks-buyers-for-minority-stake-in-cosmote-phone-unit
349,"August 19, 2009",New Panamera Sedan Will Test Porsche's Image,By Gearoid Reidy and Shoko Oda,business,https://www.bloomberg.com/news/articles/2009-08-19/new-panamera-sedan-will-test-porsches-image
350,"October 24, 2003",JetBlue Declines,By Suzanne Woolley,business,https://www.bloomberg.com/news/articles/2003-10-23/jetblue-declines
351,"July 5, 1993","For Hollywood, These Are Truly The Dog Days",By Lucas Shaw,business,https://www.bloomberg.com/news/articles/1993-07-04/for-hollywood-these-are-truly-the-dog-days
352,"July 7, 1997",Now Playing On Screen 29...,By Mark Gongloff,business,https://www.bloomberg.com/news/articles/1997-07-06/now-playing-on-screen-29-dot-dot-dot
353,"September 24, 2007",Cable Takes A Ratings Hit,By Kelly Gilblom,businessweek,https://www.bloomberg.com/news/articles/2007-09-23/cable-takes-a-ratings-hit
354,"February 20, 2008","Australian Stocks: Brambles, Fairfax, Qantas, Santos, Telstra",By Kelly Gilblom,technology,https://www.bloomberg.com/news/articles/2008-02-20/australian-stocks-brambles-fairfax-qantas-santos-telstra
355,"March 26, 2008",Citic Securities Merges Mutual Funds,By Brian Chappatta,business,https://www.bloomberg.com/news/articles/2008-03-26/citic-securities-merges-mutual-fundsbusinessweek-business-news-stock-market-and-financial-advice
356,"November 3, 2008",Albania Seeks Buyers for Minority Stake in Cosmote Phone Unit,By Kelly Gilblom,technology,https://www.bloomberg.com/news/articles/2008-11-03/albania-seeks-buyers-for-minority-stake-in-cosmote-phone-unit
357,"September 22, 2008","`Mad Men' Wins Best Drama Emmy, Boosting Basic-Cable",By Nick Turner,technology,https://www.bloomberg.com/news/articles/2008-09-22/-mad-men-wins-best-drama-emmy-boosting-basic-cable
358,"September 17, 2008","MGM, Lionsgate, Paramount Need Movie Channel Help",By Kelly Gilblom,business,https://www.bloomberg.com/news/articles/2008-09-17/mgm-lionsgate-paramount-need-movie-channel-helpbusinessweek-business-news-stock-market-and-financial-advice
359,"September 10, 2008",Media Moguls Do the Splits,By Mark Gongloff,business,https://www.bloomberg.com/news/articles/2008-09-10/media-moguls-do-the-splitsbusinessweek-business-news-stock-market-and-financial-advice
360,"September 10, 2008",Media Moguls Do the Splits,By Tara Lachapelle,business,https://www.bloomberg.com/news/articles/2008-09-10/media-moguls-do-the-splitsbusinessweek-business-news-stock-market-and-financial-advice
361,"September 29, 2009","Macquarie Airports, Samsung C&T: Asia Ex-Japan Equity Preview",By Katherine Doherty,technology,https://www.bloomberg.com/news/articles/2009-09-29/macquarie-airports-samsung-c-t-asia-ex-japan-equity-preview
362,"July 23, 2002",BoA Cuts AMC Entertainment to 'Buy',By Chris Palmeri,business,https://www.bloomberg.com/news/articles/2002-07-22/boa-cuts-amc-entertainment-to-buy
363,"November 19, 2001",Online Extra: Q&A with Scott McNealy,By Ronojoy Mazumdar,businessweek,https://www.bloomberg.com/news/articles/2001-11-18/online-extra-q-and-a-with-scott-mcnealy
364,"October 24, 2003",JetBlue Declines,By Kelly Gilblom and Yueqi Yang,business,https://www.bloomberg.com/news/articles/2003-10-23/jetblue-declines
365,"June 17, 1999",Whew! Summer Films (Briefly) Rescue Theaters: Kathryn Harris,By Katherine Doherty and Sally Bakewell,markets,https://www.bloomberg.com/news/articles/1999-06-17/whew-summer-films-briefly-rescue-theaters-kathryn-harris
366,"April 3, 2000",In The Zhone,By Lucas Shaw,business,https://www.bloomberg.com/news/articles/2000-04-02/in-the-zhone
367,"July 5, 1993","For Hollywood, These Are Truly The Dog Days",By Anousha Sakoui,business,https://www.bloomberg.com/news/articles/1993-07-04/for-hollywood-these-are-truly-the-dog-days
368,"March 13, 2008",Comcast Questions,By Edvard Pettersson and Lucas Shaw,business,https://www.bloomberg.com/news/articles/2008-03-13/comcast-questions
369,"September 24, 2007",Cable Takes A Ratings Hit,By Anousha Sakoui,businessweek,https://www.bloomberg.com/news/articles/2007-09-23/cable-takes-a-ratings-hit
370,"January 6, 2001",AMC Entertainment May Buck the Bankruptcy Trend: Kathryn Harris,By Kelly Gilblom,markets,https://www.bloomberg.com/news/articles/2001-01-06/amc-entertainment-may-buck-the-bankruptcy-trend-kathryn-harris
371,"December 11, 2000","Taiwan's Finance Minister: ""We Need To Encourage Consolidation""",By Matthew S Levine,business,https://www.bloomberg.com/news/articles/2000-12-11/taiwans-finance-minister-we-need-to-encourage-consolidation
372,"July 7, 1997",Now Playing On Screen 29...,By Kelly Gilblom,business,https://www.bloomberg.com/news/articles/1997-07-06/now-playing-on-screen-29-dot-dot-dot
373,"May 12, 1998",Pass the Popcorn and the Carmike Cinemas Stock: John Dorfman,By Nick Turner,markets,https://www.bloomberg.com/news/articles/1998-05-12/pass-the-popcorn-and-the-carmike-cinemas-stock-john-dorfman
